diseaseid,hpoid
231200,hpo:0000007
231200,hpo:0002239
231200,hpo:0000132
231200,hpo:0003010
231200,hpo:0001873
231200,hpo:0000421
231200,hpo:0000979
231200,hpo:0001902
231200,hpo:0000225
231200,hpo:0006298
231200,hpo:0004846
231200,hpo:0011871
155100,hpo:0000006
155100,hpo:0000132
155100,hpo:0003010
155100,hpo:0001873
155100,hpo:0000978
155100,hpo:0000421
155100,hpo:0001902
155100,hpo:0001658
155100,hpo:0001977
155100,hpo:0040235
273800,hpo:0000007
273800,hpo:0002239
273800,hpo:0000132
273800,hpo:0003010
273800,hpo:0000978
273800,hpo:0000421
273800,hpo:0000979
273800,hpo:0003540
273800,hpo:0000225
273800,hpo:0002170
273800,hpo:0001975
273800,hpo:0031126
607554,hpo:0000006
607554,hpo:0001425
607554,hpo:0001297
607554,hpo:0005110
607554,hpo:0001649
607554,hpo:0001727
171300,hpo:0000006
171300,hpo:0000093
171300,hpo:0003072
171300,hpo:0001028
171300,hpo:0000519
171300,hpo:0000975
171300,hpo:0001635
171300,hpo:0001649
171300,hpo:0003345
171300,hpo:0003574
171300,hpo:0002666
171300,hpo:0000957
171300,hpo:0002664
171300,hpo:0001342
171300,hpo:0001920
171300,hpo:0001095
171300,hpo:0000875
102300,hpo:0000006
102300,hpo:0001425
102300,hpo:0001336
102300,hpo:0003401
102300,hpo:0100785
102300,hpo:0012452
102300,hpo:0008991
137580,hpo:0000006
137580,hpo:0007018
137580,hpo:0000718
137580,hpo:0002360
137580,hpo:0000722
137580,hpo:0000742
137580,hpo:0010529
137580,hpo:0100034
137580,hpo:0100035
147530,hpo:0000006
147530,hpo:0007021
147530,hpo:0010830
147530,hpo:0003130
601042,hpo:0000006
601042,hpo:0001258
601042,hpo:0100543
601042,hpo:0001260
601042,hpo:0001332
601042,hpo:0001347
601042,hpo:0100660
601042,hpo:0001266
601042,hpo:0007256
601042,hpo:0002315
601042,hpo:0002062
601042,hpo:0003401
601042,hpo:0002131
601042,hpo:0002076
601042,hpo:0000651
608622,hpo:0000006
608622,hpo:0005117
161900,hpo:0000006
161900,hpo:0003676
161900,hpo:0000093
161900,hpo:0003581
161900,hpo:0003259
161900,hpo:0002907
161900,hpo:0000822
161900,hpo:0000083
161900,hpo:0003774
161900,hpo:0000123
143465,hpo:0000006
143465,hpo:0007018
143465,hpo:0000752
144110,hpo:0000006
144110,hpo:0007410
261515,hpo:0000007
261515,hpo:0001171
261515,hpo:0002079
261515,hpo:0000639
261515,hpo:0000369
261515,hpo:0001250
261515,hpo:0000286
261515,hpo:0002240
261515,hpo:0001999
261515,hpo:0000239
261515,hpo:0001762
261515,hpo:0000316
261515,hpo:0000767
261515,hpo:0002119
261515,hpo:0000218
261515,hpo:0005257
261515,hpo:0002007
261515,hpo:0000582
261515,hpo:0002126
261515,hpo:0000256
261515,hpo:0000343
261515,hpo:0001263
261515,hpo:0000486
261515,hpo:0001508
261515,hpo:0003593
261515,hpo:0000107
261515,hpo:0000938
261515,hpo:0008872
261515,hpo:0000347
261515,hpo:0000762
261515,hpo:0000268
261515,hpo:0005280
261515,hpo:0000505
261515,hpo:0002750
261515,hpo:0000348
261515,hpo:0030799
261515,hpo:0001561
261515,hpo:0000278
261515,hpo:0003199
261515,hpo:0000572
261515,hpo:0002171
261515,hpo:0000550
261515,hpo:0000270
261515,hpo:0001319
261515,hpo:0001396
261515,hpo:0006872
261515,hpo:0001397
261515,hpo:0002910
261515,hpo:0007371
261515,hpo:0001408
261515,hpo:0008207
261515,hpo:0001765
261515,hpo:0002539
261515,hpo:0007266
261515,hpo:0002832
261515,hpo:0001791
261515,hpo:0007360
261515,hpo:0007058
276300,hpo:0000007
276300,hpo:0012174
276300,hpo:0001274
276300,hpo:0002665
276300,hpo:0000997
276300,hpo:0000957
276300,hpo:0001438
276300,hpo:0002885
276300,hpo:0002671
276300,hpo:0001909
276300,hpo:0001034
276300,hpo:0009592
276300,hpo:0002888
276300,hpo:0002859
276300,hpo:0003006
188030,hpo:0000006
188030,hpo:0001873
188030,hpo:0001892
188030,hpo:0003454
148000,hpo:0000006
148000,hpo:0000969
148000,hpo:0001034
148000,hpo:0100242
273300,hpo:0000028
273300,hpo:0003745
273300,hpo:0001939
273300,hpo:0001428
273300,hpo:0000027
273300,hpo:0030731
273300,hpo:0000133
273300,hpo:0009792
273300,hpo:0100768
236000,hpo:0000007
236000,hpo:0012189
236000,hpo:0003347
236000,hpo:0003459
254400,hpo:0000989
254400,hpo:0002665
254400,hpo:0000964
254400,hpo:0003765
254400,hpo:0002716
254400,hpo:0010783
254400,hpo:0008069
254400,hpo:0200035
114480,hpo:0000006
114480,hpo:0001425
114480,hpo:0001428
114480,hpo:0003002
607681,hpo:0000006
607681,hpo:0002069
607681,hpo:0001425
607681,hpo:0002121
607681,hpo:0011463
607681,hpo:0002373
607681,hpo:0002392
607681,hpo:0010849
239350,hpo:0001945
239350,hpo:0000007
239350,hpo:0001250
239350,hpo:0000103
239350,hpo:0002013
239350,hpo:0002014
239350,hpo:0000737
239350,hpo:0002905
239350,hpo:0001281
239350,hpo:0001608
239350,hpo:0025430
190300,hpo:0000006
190300,hpo:0003676
190300,hpo:0001260
190300,hpo:0002378
190300,hpo:0002174
600131,hpo:0000006
600131,hpo:0002069
600131,hpo:0001425
600131,hpo:0002121
600131,hpo:0011463
600131,hpo:0002373
600131,hpo:0002392
600131,hpo:0010849
607631,hpo:0000006
607631,hpo:0002123
607631,hpo:0002121
607631,hpo:0007193
607631,hpo:0010849
604827,hpo:0000007
604827,hpo:0002069
604827,hpo:0001336
608105,hpo:0000007
608105,hpo:0003593
608105,hpo:0000666
608105,hpo:0002356
608105,hpo:0002268
608105,hpo:0007332
608105,hpo:0007104
208700,hpo:0000007
208700,hpo:0001250
208700,hpo:0001251
208700,hpo:0001336
208700,hpo:0002123
208700,hpo:0000726
208700,hpo:0001271
607682,hpo:0000006
607682,hpo:0001425
607682,hpo:0003621
607682,hpo:0002121
607682,hpo:0007000
607682,hpo:0002392
607682,hpo:0007193
300491,hpo:0001328
300491,hpo:0001419
300491,hpo:0000256
300491,hpo:0000718
300491,hpo:0007359
300491,hpo:0001423
300491,hpo:0000729
217200,hpo:0000007
217200,hpo:0001250
217200,hpo:0001249
217200,hpo:0001336
217200,hpo:0001522
607628,hpo:0000006
607628,hpo:0002123
607628,hpo:0002121
607628,hpo:0007193
267740,hpo:0000007
267740,hpo:0001250
267740,hpo:0000546
210050,hpo:0000007
210050,hpo:0001250
210050,hpo:0004322
210050,hpo:0001263
210050,hpo:0001399
210050,hpo:0001394
210050,hpo:0001409
210050,hpo:0007029
210050,hpo:0002097
210050,hpo:0007238
208550,hpo:0000007
208550,hpo:0002099
208550,hpo:0100582
208550,hpo:0012042
600807,hpo:0000006
600807,hpo:0002099
600807,hpo:0001426
151400,hpo:0005550
151400,hpo:0001428
151400,hpo:0005374
151400,hpo:0001444
258360,hpo:0000007
258360,hpo:0001256
258360,hpo:0001598
258360,hpo:0002719
258360,hpo:0002212
258360,hpo:0001875
258360,hpo:0009886
258360,hpo:0100827
258360,hpo:0010764
258360,hpo:0002225
258360,hpo:0001804
258360,hpo:0007665
258360,hpo:0007717
258360,hpo:0410252
109543,hpo:0000006
109543,hpo:0005550
126200,hpo:0001257
126200,hpo:0007305
126200,hpo:0001324
126200,hpo:0001426
126200,hpo:0000712
126200,hpo:0000716
126200,hpo:0000020
126200,hpo:0003401
126200,hpo:0002311
126200,hpo:0000651
126200,hpo:0000019
603165,hpo:0000006
603165,hpo:0000518
603165,hpo:0002099
603165,hpo:0001939
603165,hpo:0000958
603165,hpo:0001047
603165,hpo:0000509
603165,hpo:0001041
603165,hpo:0000989
603165,hpo:0000563
603165,hpo:0008064
603165,hpo:0000964
603165,hpo:0000980
603165,hpo:0003193
603165,hpo:0001581
603165,hpo:0032152
603165,hpo:0012537
603165,hpo:0007453
603165,hpo:0011232
151590,hpo:0000006
151590,hpo:0030731
151590,hpo:0002860
133600,hpo:0000006
133600,hpo:0100777
125600,hpo:0000006
125600,hpo:0000951
164230,hpo:0000006
164230,hpo:0000739
164230,hpo:0000716
164230,hpo:0000722
164230,hpo:0030212
164230,hpo:0012166
167870,hpo:0000006
167870,hpo:0000739
115000,hpo:0000006
115000,hpo:0001699
115000,hpo:0000707
115000,hpo:0006696
134510,hpo:0000006
134510,hpo:0003125
134510,hpo:0011858
134520,hpo:0000006
134520,hpo:0000978
134520,hpo:0001373
134520,hpo:0003645
134520,hpo:0031364
134520,hpo:0005261
134430,hpo:0000006
134430,hpo:0003125
134430,hpo:0002584
134430,hpo:0008169
227300,hpo:0000007
227300,hpo:0003125
227300,hpo:0001892
227300,hpo:0003225
134500,hpo:0000006
134500,hpo:0003125
134500,hpo:0001892
157950,hpo:0000006
157950,hpo:0004209
157950,hpo:0000303
157950,hpo:0000164
254200,hpo:0000508
254200,hpo:0001260
254200,hpo:0010628
254200,hpo:0000818
254200,hpo:0001611
254200,hpo:0003701
254200,hpo:0001426
254200,hpo:0002015
254200,hpo:0002960
254200,hpo:0003690
254200,hpo:0002715
254200,hpo:0003473
254200,hpo:0100522
254200,hpo:0005216
254200,hpo:0000651
300494,hpo:0003745
300494,hpo:0000733
300494,hpo:0001425
300494,hpo:0001417
300494,hpo:0000732
300494,hpo:0000717
300494,hpo:0003621
300494,hpo:0001426
300494,hpo:0000723
300494,hpo:0000721
300494,hpo:0000758
300494,hpo:0000728
181500,hpo:0000006
181500,hpo:0001425
181500,hpo:0002353
181500,hpo:0100753
181500,hpo:0000746
181500,hpo:0000738
181500,hpo:0007086
181500,hpo:0410291
178600,hpo:0000006
178600,hpo:0002094
178600,hpo:0003829
178600,hpo:0001009
178600,hpo:0000822
178600,hpo:0001667
178600,hpo:0002092
178600,hpo:0001708
178600,hpo:0004964
178600,hpo:0005168
178600,hpo:0001977
178600,hpo:0005317
178600,hpo:0005308
178600,hpo:0005312
178600,hpo:0011353
247640,hpo:0000007
247640,hpo:0002665
247640,hpo:0006727
102500,hpo:0000006
102500,hpo:0000028
102500,hpo:0000369
102500,hpo:0000574
102500,hpo:0000405
102500,hpo:0000286
102500,hpo:0000445
102500,hpo:0004322
102500,hpo:0002756
102500,hpo:0000238
102500,hpo:0000470
102500,hpo:0000047
102500,hpo:0002857
102500,hpo:0000939
102500,hpo:0000506
102500,hpo:0000218
102500,hpo:0000689
102500,hpo:0000343
102500,hpo:0001388
102500,hpo:0001508
102500,hpo:0000023
102500,hpo:0000107
102500,hpo:0000938
102500,hpo:0001643
102500,hpo:0000347
102500,hpo:0000494
102500,hpo:0001007
102500,hpo:0000463
102500,hpo:0002751
102500,hpo:0000527
102500,hpo:0000664
102500,hpo:0003083
102500,hpo:0000280
102500,hpo:0009771
102500,hpo:0006480
102500,hpo:0002566
102500,hpo:0002645
102500,hpo:0001799
102500,hpo:0001537
102500,hpo:0001842
102500,hpo:0000293
102500,hpo:0001671
102500,hpo:0004586
102500,hpo:0009748
102500,hpo:0002688
102500,hpo:0008462
102500,hpo:0002953
102500,hpo:0005758
102500,hpo:0006180
102500,hpo:0008421
102500,hpo:0005463
215470,hpo:0003676
215470,hpo:0000007
215470,hpo:0001257
215470,hpo:0001284
215470,hpo:0001256
215470,hpo:0001251
215470,hpo:0001265
215470,hpo:0002080
215470,hpo:0001272
215470,hpo:0002066
215470,hpo:0000613
215470,hpo:0003621
215470,hpo:0000044
215470,hpo:0003693
215470,hpo:0002127
215470,hpo:0002168
215470,hpo:0000529
215470,hpo:0000556
215470,hpo:0001135
215470,hpo:0007263
215470,hpo:0030339
601518,hpo:0000006
601518,hpo:0002664
601518,hpo:0012125
311360,hpo:0001417
311360,hpo:0001939
311360,hpo:0000858
311360,hpo:0008209
311360,hpo:0000837
176807,hpo:0000006
176807,hpo:0001428
176807,hpo:0012125
192000,hpo:0000006
192000,hpo:0000813
137750,hpo:0000006
137750,hpo:0000545
137750,hpo:0000501
137750,hpo:0007905
145500,hpo:0001426
145500,hpo:0004421
145500,hpo:0004972
145500,hpo:0005117
225755,hpo:0000007
225755,hpo:0001257
225755,hpo:0001298
225755,hpo:0001256
225755,hpo:0001251
225755,hpo:0002119
225755,hpo:0001363
225755,hpo:0000546
225755,hpo:0000824
225755,hpo:0003510
225755,hpo:0002514
225755,hpo:0002617
608033,hpo:0000006
608033,hpo:0001298
608033,hpo:0001250
608033,hpo:0003593
608033,hpo:0003829
608033,hpo:0002510
608033,hpo:0002090
608033,hpo:0002171
608033,hpo:0001276
608033,hpo:0001259
608033,hpo:0002181
608033,hpo:0002922
608033,hpo:0002445
260970,hpo:0000007
260970,hpo:0001251
260970,hpo:0001271
260970,hpo:0007267
260970,hpo:0007313
260970,hpo:0006976
225740,hpo:0000007
225740,hpo:0001290
225740,hpo:0001252
225740,hpo:0000518
225740,hpo:0001638
225740,hpo:0007371
225740,hpo:0008978
225740,hpo:0007239
215140,hpo:0000007
215140,hpo:0000369
215140,hpo:0002089
215140,hpo:0002240
215140,hpo:0000327
215140,hpo:0000476
215140,hpo:0000316
215140,hpo:0009803
215140,hpo:0003027
215140,hpo:0010655
215140,hpo:0000256
215140,hpo:0002983
215140,hpo:0001169
215140,hpo:0001640
215140,hpo:0000347
215140,hpo:0000774
215140,hpo:0009487
215140,hpo:0000773
215140,hpo:0001539
215140,hpo:0001162
215140,hpo:0005280
215140,hpo:0008873
215140,hpo:0003811
215140,hpo:0000272
215140,hpo:0000348
215140,hpo:0001561
215140,hpo:0008905
215140,hpo:0001433
215140,hpo:0002101
215140,hpo:0001852
215140,hpo:0002566
215140,hpo:0001790
215140,hpo:0002202
215140,hpo:0000782
215140,hpo:0003826
215140,hpo:0005855
215140,hpo:0003440
215140,hpo:0010675
215140,hpo:0001552
215140,hpo:0004599
215140,hpo:0001367
215140,hpo:0005528
215140,hpo:0003015
215140,hpo:0000692
215140,hpo:0003021
215140,hpo:0000890
215140,hpo:0001830
215140,hpo:0008420
215140,hpo:0006487
215140,hpo:0004331
215140,hpo:0001804
215140,hpo:0005019
215140,hpo:0006619
215140,hpo:0004510
215140,hpo:0000878
215140,hpo:0001802
215140,hpo:0002694
215140,hpo:0008479
215140,hpo:0003107
215140,hpo:0000941
215140,hpo:0005716
215140,hpo:0006559
215140,hpo:0001978
215140,hpo:0008754
215140,hpo:0002787
215140,hpo:0009106
215140,hpo:0009107
215140,hpo:0010659
215140,hpo:0008516
215140,hpo:0000315
215140,hpo:0008364
215140,hpo:0006637
215140,hpo:0004598
215140,hpo:0005099
256370,hpo:0000006
256370,hpo:0003676
256370,hpo:0000007
256370,hpo:0000100
256370,hpo:0001967
256370,hpo:0011463
256370,hpo:0000083
256370,hpo:0000097
256370,hpo:0002667
600351,hpo:0000006
600351,hpo:0004315
600351,hpo:0002013
600351,hpo:0003073
600351,hpo:0001875
600351,hpo:0003075
600351,hpo:0000969
600351,hpo:0002242
600351,hpo:0002039
600351,hpo:0005208
600351,hpo:0031273
203700,hpo:0000007
203700,hpo:0001290
203700,hpo:0002240
203700,hpo:0001251
203700,hpo:0100704
203700,hpo:0001252
203700,hpo:0001272
203700,hpo:0001263
203700,hpo:0001508
203700,hpo:0003593
203700,hpo:0001336
203700,hpo:0001399
203700,hpo:0002151
203700,hpo:0000649
203700,hpo:0002013
203700,hpo:0002376
203700,hpo:0003470
203700,hpo:0000726
203700,hpo:0000572
203700,hpo:0002171
203700,hpo:0002529
203700,hpo:0001276
203700,hpo:0002133
203700,hpo:0002910
203700,hpo:0003678
203700,hpo:0001414
203700,hpo:0003535
203700,hpo:0001408
203700,hpo:0002446
203700,hpo:0002922
203700,hpo:0003219
203700,hpo:0012847
203700,hpo:0001413
203700,hpo:0006964
208300,hpo:0000007
208300,hpo:0000501
208300,hpo:0012281
137800,hpo:0000006
137800,hpo:0012174
137800,hpo:0001428
137800,hpo:0009592
137800,hpo:0002888
267730,hpo:0000007
267730,hpo:0100242
254500,hpo:0000007
254500,hpo:0001871
254500,hpo:0001428
254500,hpo:0011034
254500,hpo:0006775
254500,hpo:0031047
540000,hpo:0002069
540000,hpo:0001298
540000,hpo:0003828
540000,hpo:0100704
540000,hpo:0002401
540000,hpo:0003737
540000,hpo:0003200
540000,hpo:0000819
540000,hpo:0001427
540000,hpo:0000519
540000,hpo:0000726
540000,hpo:0001635
540000,hpo:0003198
540000,hpo:0001712
540000,hpo:0000822
540000,hpo:0001716
540000,hpo:0003128
540000,hpo:0001507
540000,hpo:0001269
540000,hpo:0000408
540000,hpo:0002572
540000,hpo:0000602
540000,hpo:0008619
540000,hpo:0002076
540000,hpo:0005162
540000,hpo:0012377
125310,hpo:0000006
125310,hpo:0001250
125310,hpo:0001297
125310,hpo:0001288
125310,hpo:0003581
125310,hpo:0002352
125310,hpo:0000951
125310,hpo:0009830
125310,hpo:0000649
125310,hpo:0000572
125310,hpo:0002619
125310,hpo:0000020
125310,hpo:0000708
125310,hpo:0000512
125310,hpo:0007024
125310,hpo:0002076
125310,hpo:0007634
125310,hpo:0007123
125310,hpo:0007236
601367,hpo:0001297
150600,hpo:0000006
150600,hpo:0004322
150600,hpo:0002750
150600,hpo:0001426
150600,hpo:0005743
166710,hpo:0000006
166710,hpo:0000939
602080,hpo:0000006
602080,hpo:0003676
602080,hpo:0003828
602080,hpo:0001425
602080,hpo:0002653
602080,hpo:0003155
602080,hpo:0006480
602080,hpo:0002423
602080,hpo:0002385
602080,hpo:0002644
602080,hpo:0002659
602080,hpo:0002797
602080,hpo:0002512
602080,hpo:0002273
602080,hpo:0002953
602080,hpo:0006824
602080,hpo:0008513
602080,hpo:0003080
602080,hpo:0003084
167320,hpo:0000006
167320,hpo:0003236
167320,hpo:0003724
167320,hpo:0010628
167320,hpo:0001288
167320,hpo:0003701
167320,hpo:0001332
167320,hpo:0003693
167320,hpo:0003805
167320,hpo:0007354
167320,hpo:0000726
167320,hpo:0003198
167320,hpo:0002145
167320,hpo:0003551
167320,hpo:0003547
167320,hpo:0003691
167320,hpo:0002644
167320,hpo:0002938
167320,hpo:0003690
167320,hpo:0002357
167320,hpo:0003418
167320,hpo:0010639
167320,hpo:0003749
167320,hpo:0006913
167320,hpo:0030838
167320,hpo:0008946
167320,hpo:0008988
167320,hpo:0007112
607459,hpo:0000407
607459,hpo:0000007
607459,hpo:0100543
607459,hpo:0000639
607459,hpo:0001284
607459,hpo:0006886
607459,hpo:0003236
607459,hpo:0001250
607459,hpo:0000508
607459,hpo:0001260
607459,hpo:0001265
607459,hpo:0001644
607459,hpo:0000518
607459,hpo:0003701
607459,hpo:0003581
607459,hpo:0001336
607459,hpo:0003200
607459,hpo:0002151
607459,hpo:0007240
607459,hpo:0003713
607459,hpo:0000716
607459,hpo:0000590
607459,hpo:0003557
607459,hpo:0001751
607459,hpo:0003548
607459,hpo:0002403
607459,hpo:0003688
607459,hpo:0008180
607459,hpo:0002076
607459,hpo:0003390
607459,hpo:0031987
607459,hpo:0006858
607459,hpo:0007344
607459,hpo:0004389
607459,hpo:0003689
607459,hpo:0002578
607459,hpo:0003434
208230,hpo:0000007
208230,hpo:0000926
208230,hpo:0000939
208230,hpo:0001324
208230,hpo:0003016
208230,hpo:0002355
208230,hpo:0002515
208230,hpo:0002751
208230,hpo:0100490
208230,hpo:0002970
208230,hpo:0001760
208230,hpo:0002812
208230,hpo:0002758
208230,hpo:0003040
208230,hpo:0001386
208230,hpo:0001387
208230,hpo:0006163
208230,hpo:0003071
208230,hpo:0006247
208230,hpo:0010580
208230,hpo:0004576
208230,hpo:0003371
208230,hpo:0004637
308205,hpo:0000365
308205,hpo:0001596
308205,hpo:0000028
308205,hpo:0002079
308205,hpo:0012444
308205,hpo:0000252
308205,hpo:0001250
308205,hpo:0003828
308205,hpo:0002650
308205,hpo:0001249
308205,hpo:0004322
308205,hpo:0002119
308205,hpo:0000122
308205,hpo:0001419
308205,hpo:0001263
308205,hpo:0000175
308205,hpo:0003577
308205,hpo:0000023
308205,hpo:0002164
308205,hpo:0000968
308205,hpo:0000613
308205,hpo:0000003
308205,hpo:0001162
308205,hpo:0000958
308205,hpo:0002251
308205,hpo:0000491
308205,hpo:0000110
308205,hpo:0040189
308205,hpo:0003468
308205,hpo:0001537
308205,hpo:0008404
308205,hpo:0000966
308205,hpo:0000495
308205,hpo:0002223
308205,hpo:0002827
308205,hpo:0000561
308205,hpo:0007759
308205,hpo:0001019
308205,hpo:0007502
308205,hpo:0002542
308205,hpo:0001562
308205,hpo:0000772
308205,hpo:0005254
106400,hpo:0000006
106400,hpo:0008442
106400,hpo:0007508
140600,hpo:0000006
140600,hpo:0002758
140600,hpo:0012313
607850,hpo:0000006
607850,hpo:0002829
607850,hpo:0001387
607850,hpo:0006233
607850,hpo:0006226
165720,hpo:0000006
165720,hpo:0000007
165720,hpo:0001425
165720,hpo:0001426
165720,hpo:0008843
165720,hpo:0002644
252320,hpo:0000007
252320,hpo:0003202
252320,hpo:0000762
252320,hpo:0009830
252320,hpo:0000975
252320,hpo:0000961
252320,hpo:0011096
252320,hpo:0001278
252320,hpo:0003323
252320,hpo:0002571
600808,hpo:0000006
600808,hpo:0001425
600808,hpo:0010677
600631,hpo:0000006
600631,hpo:0010677
263300,hpo:0000006
263300,hpo:0003745
263300,hpo:0002239
263300,hpo:0001744
263300,hpo:0001907
263300,hpo:0001428
263300,hpo:0001873
263300,hpo:0001974
263300,hpo:0001900
263300,hpo:0001899
263300,hpo:0001342
263300,hpo:0002639
263300,hpo:0001977
263300,hpo:0001898
263300,hpo:0001894
263300,hpo:0002637
263300,hpo:0005513
144700,hpo:0003745
144700,hpo:0005584
155601,hpo:0000006
155601,hpo:0012056
155600,hpo:0000006
155600,hpo:0000478
155600,hpo:0001054
155600,hpo:0012056
155600,hpo:0001062
155600,hpo:0001074
155600,hpo:0007716
187950,hpo:0000006
187950,hpo:0001744
187950,hpo:0001428
187950,hpo:0000924
187950,hpo:0000822
187950,hpo:0003540
187950,hpo:0001894
187950,hpo:0001063
187950,hpo:0005547
182280,hpo:0000006
182280,hpo:0100526
600082,hpo:0000006
600082,hpo:0003593
600082,hpo:0008711
200170,hpo:0000007
200170,hpo:0000956
200170,hpo:0000855
200170,hpo:0003394
241100,hpo:0000007
241100,hpo:0000047
241100,hpo:0000054
241100,hpo:0000771
241100,hpo:0000029
241100,hpo:0000026
109350,hpo:0000006
109350,hpo:0002020
109350,hpo:0100633
109350,hpo:0100580
191800,hpo:0000006
191800,hpo:0000119
107320,hpo:0000006
107320,hpo:0001973
107320,hpo:0001101
107320,hpo:0000491
107320,hpo:0000572
107320,hpo:0000541
107320,hpo:0000622
107320,hpo:0025342
107320,hpo:0011531
107320,hpo:0025343
107320,hpo:0004420
107320,hpo:0100532
107320,hpo:0004936
107320,hpo:0025188
145590,hpo:0000006
145590,hpo:0001945
145590,hpo:0002013
145590,hpo:0002315
145590,hpo:0002018
157300,hpo:0000006
157300,hpo:0002083
157300,hpo:0000613
157300,hpo:0002013
157300,hpo:0002183
157300,hpo:0002018
157300,hpo:0002077
152700,hpo:0000006
152700,hpo:0001701
152700,hpo:0001250
152700,hpo:0000709
152700,hpo:0002725
152700,hpo:0001873
152700,hpo:0001878
152700,hpo:0000123
152700,hpo:0000992
152700,hpo:0003493
152700,hpo:0001369
152700,hpo:0002102
152700,hpo:0001882
152700,hpo:0025300
152700,hpo:0003613
191390,hpo:0001824
191390,hpo:0001426
191390,hpo:0002027
191390,hpo:0002573
191390,hpo:0002037
266600,hpo:0001425
266600,hpo:0001510
266600,hpo:0001824
266600,hpo:0100279
266600,hpo:0001426
266600,hpo:0002014
266600,hpo:0011107
266600,hpo:0005214
266600,hpo:0002027
179600,hpo:0000006
179600,hpo:0000924
179600,hpo:0030880
190400,hpo:0000006
190400,hpo:0000707
190400,hpo:0100661
160750,hpo:0000006
160750,hpo:0003701
160750,hpo:0100614
181000,hpo:0001945
181000,hpo:0003745
181000,hpo:0002240
181000,hpo:0002094
181000,hpo:0001824
181000,hpo:0012735
181000,hpo:0001744
181000,hpo:0002150
181000,hpo:0000613
181000,hpo:0001138
181000,hpo:0006530
181000,hpo:0001876
181000,hpo:0000501
181000,hpo:0001369
181000,hpo:0000622
181000,hpo:0009926
181000,hpo:0003565
181000,hpo:0002039
181000,hpo:0010702
181000,hpo:0011840
181000,hpo:0012062
181000,hpo:0008940
181000,hpo:0002037
181000,hpo:0007734
181000,hpo:0001094
181000,hpo:0012424
181000,hpo:0010286
601608,hpo:0001258
601608,hpo:0000007
601608,hpo:0001973
601608,hpo:0004844
153880,hpo:0000006
153880,hpo:0000540
153880,hpo:0000486
153880,hpo:0007754
153880,hpo:0000969
153880,hpo:0011505
153880,hpo:0007947
233810,hpo:0000007
233810,hpo:0000750
233810,hpo:0001290
233810,hpo:0001511
233810,hpo:0008897
233810,hpo:0001263
233810,hpo:0025356
233810,hpo:0000691
233810,hpo:0000687
233810,hpo:0001338
233810,hpo:0000964
223350,hpo:0000007
223350,hpo:0001903
223350,hpo:0004808
223350,hpo:0001954
223350,hpo:0001684
223350,hpo:0001004
223350,hpo:0040235
166760,hpo:0000403
166760,hpo:0010982
125853,hpo:0000006
125853,hpo:0000855
125853,hpo:0005978
125853,hpo:0003584
125853,hpo:0031820
125851,hpo:0000006
125851,hpo:0004904
600496,hpo:0000006
600496,hpo:0003593
600496,hpo:0003074
600496,hpo:0005978
600496,hpo:0004904
125850,hpo:0000006
125850,hpo:0004904
125850,hpo:0031284
212350,hpo:0000007
212350,hpo:0000639
212350,hpo:0001270
212350,hpo:0001290
212350,hpo:0003828
212350,hpo:0001510
212350,hpo:0001252
212350,hpo:0000545
212350,hpo:0000486
212350,hpo:0001324
212350,hpo:0002093
212350,hpo:0003593
212350,hpo:0003737
212350,hpo:0002151
212350,hpo:0000519
212350,hpo:0003546
212350,hpo:0001873
212350,hpo:0003198
212350,hpo:0001639
212350,hpo:0003388
212350,hpo:0003535
212350,hpo:0000501
212350,hpo:0004901
212350,hpo:0012378
212112,hpo:0000006
212112,hpo:0000007
212112,hpo:0000508
212112,hpo:0001249
212112,hpo:0001644
212112,hpo:0000894
212112,hpo:0000278
212112,hpo:0001653
212112,hpo:0000815
212112,hpo:0009125
212112,hpo:0200021
212130,hpo:0000007
212130,hpo:0003198
212130,hpo:0001670
208750,hpo:0000407
208750,hpo:0000007
208750,hpo:0001249
208750,hpo:0001251
208750,hpo:0001638
208750,hpo:0000951
226000,hpo:0000028
226000,hpo:0000007
226000,hpo:0001999
226000,hpo:0001425
226000,hpo:0001638
226000,hpo:0001706
226000,hpo:0001635
226000,hpo:0000707
246300,hpo:0000006
246300,hpo:0000007
246300,hpo:0002715
188050,hpo:0000006
188050,hpo:0001907
188050,hpo:0002204
188050,hpo:0011463
188050,hpo:0004419
188050,hpo:0005305
188050,hpo:0002625
146255,hpo:0000006
146255,hpo:0000407
146255,hpo:0000093
146255,hpo:0012622
146255,hpo:0000121
146255,hpo:0000100
146255,hpo:0000829
146255,hpo:0000110
146255,hpo:0000790
146255,hpo:0004722
146255,hpo:0003762
146255,hpo:0008341
146255,hpo:0002049
146255,hpo:0001153
601626,hpo:0000006
601626,hpo:0001428
601626,hpo:0004808
208920,hpo:0000007
208920,hpo:0100543
208920,hpo:0001284
208920,hpo:0001260
208920,hpo:0001337
208920,hpo:0002650
208920,hpo:0001251
208920,hpo:0001761
208920,hpo:0001265
208920,hpo:0001272
208920,hpo:0001268
208920,hpo:0001324
208920,hpo:0003581
208920,hpo:0001332
208920,hpo:0002936
208920,hpo:0002066
208920,hpo:0003621
208920,hpo:0003124
208920,hpo:0003693
208920,hpo:0000726
208920,hpo:0003073
208920,hpo:0001266
208920,hpo:0002078
208920,hpo:0003387
208920,hpo:0002070
208920,hpo:0000590
208920,hpo:0000657
208920,hpo:0000640
208920,hpo:0040078
208920,hpo:0000764
208920,hpo:0000571
133239,hpo:0000006
133239,hpo:0001428
133239,hpo:0002860
246470,hpo:0000007
246470,hpo:0000119
246470,hpo:0004808
246470,hpo:0003003
246470,hpo:0005227
259500,hpo:0000007
259500,hpo:0001939
259500,hpo:0002669
259500,hpo:0009919
231090,hpo:0000007
231090,hpo:0000119
231090,hpo:0032192
268220,hpo:0000007
268220,hpo:0006779
114500,hpo:0000006
114500,hpo:0001428
114500,hpo:0005584
114500,hpo:0006740
114500,hpo:0006716
114500,hpo:0006753
114500,hpo:0002891
137215,hpo:0000006
137215,hpo:0000204
137215,hpo:0000175
137215,hpo:0012126
137215,hpo:0002582
109800,hpo:0000006
109800,hpo:0006740
143880,hpo:0000006
143880,hpo:0000007
143880,hpo:0001290
143880,hpo:0001249
143880,hpo:0001824
143880,hpo:0001254
143880,hpo:0001508
143880,hpo:0002150
143880,hpo:0000121
143880,hpo:0001944
143880,hpo:0000179
143880,hpo:0000103
143880,hpo:0002013
143880,hpo:0001642
143880,hpo:0000478
143880,hpo:0001650
143880,hpo:0000787
143880,hpo:0004428
143880,hpo:0008250
166300,hpo:0000006
166300,hpo:0000093
166300,hpo:0000327
166300,hpo:0001761
166300,hpo:0000938
166300,hpo:0000347
166300,hpo:0001785
166300,hpo:0009487
166300,hpo:0002829
166300,hpo:0000822
166300,hpo:0000112
166300,hpo:0000083
166300,hpo:0001495
166300,hpo:0000520
166300,hpo:0001193
166300,hpo:0006234
166300,hpo:0001504
166300,hpo:0001473
166300,hpo:0001225
114580,hpo:0000006
114580,hpo:0001596
114580,hpo:0000818
114580,hpo:0004429
114580,hpo:0002728
114580,hpo:0006480
114580,hpo:0002965
212050,hpo:0002721
212050,hpo:0000007
212050,hpo:0001871
212050,hpo:0001597
212050,hpo:0001287
212050,hpo:0012203
212050,hpo:0009098
125320,hpo:0000006
125320,hpo:0001300
125320,hpo:0000726
125320,hpo:0011960
168600,hpo:0003676
168600,hpo:0001300
168600,hpo:0003745
168600,hpo:0001260
168600,hpo:0001337
168600,hpo:0002019
168600,hpo:0001332
168600,hpo:0002063
168600,hpo:0000298
168600,hpo:0000751
168600,hpo:0000726
168600,hpo:0002015
168600,hpo:0000012
168600,hpo:0002360
168600,hpo:0002067
168600,hpo:0002529
168600,hpo:0000716
168600,hpo:0002322
168600,hpo:0007311
168600,hpo:0003587
168600,hpo:0012332
168600,hpo:0000738
168600,hpo:0002172
168600,hpo:0100315
168600,hpo:0011960
168600,hpo:0031908
168600,hpo:0001621
190310,hpo:0000006
190310,hpo:0000639
190310,hpo:0001317
190310,hpo:0030186
190310,hpo:0002588
168100,hpo:0000006
168100,hpo:0001300
168100,hpo:0001260
168100,hpo:0001337
168100,hpo:0001288
168100,hpo:0001332
168100,hpo:0002063
168100,hpo:0001939
168100,hpo:0000298
168100,hpo:0003677
168100,hpo:0002067
107550,hpo:0000006
107550,hpo:0010628
107550,hpo:0001680
107550,hpo:0001116
107550,hpo:0011611
107550,hpo:0010817
226150,hpo:0000007
226150,hpo:0100279
226150,hpo:0004387
226150,hpo:0003270
226150,hpo:0002573
158280,hpo:0000707
256700,hpo:0000006
256700,hpo:0001945
256700,hpo:0003745
256700,hpo:0001251
256700,hpo:0000765
256700,hpo:0001425
256700,hpo:0001824
256700,hpo:0001508
256700,hpo:0001336
256700,hpo:0002653
256700,hpo:0003829
256700,hpo:0002176
256700,hpo:0001903
256700,hpo:0011979
256700,hpo:0002014
256700,hpo:0000822
256700,hpo:0011978
256700,hpo:0002277
256700,hpo:0002027
256700,hpo:0003005
256700,hpo:0200036
256700,hpo:0006747
256700,hpo:0011977
256700,hpo:0003006
256700,hpo:0031500
256700,hpo:0010543
188470,hpo:0000006
188470,hpo:0001939
188470,hpo:0001428
188470,hpo:0040198
188470,hpo:0006731
211980,hpo:0000006
211980,hpo:0000007
211980,hpo:0001428
211980,hpo:0006519
194070,hpo:0000006
194070,hpo:0001425
194070,hpo:0001428
194070,hpo:0002667
600263,hpo:0005202
176800,hpo:0000006
176800,hpo:0006394
184700,hpo:0000006
184700,hpo:0001513
184700,hpo:0001939
184700,hpo:0001007
184700,hpo:0000876
184700,hpo:0008675
184700,hpo:0000141
254800,hpo:0000007
254800,hpo:0002069
254800,hpo:0001260
254800,hpo:0001251
254800,hpo:0001268
254800,hpo:0001336
254800,hpo:0002121
102100,hpo:0000006
102100,hpo:0000098
102100,hpo:0000303
102100,hpo:0001176
102100,hpo:0000977
102100,hpo:0000478
102100,hpo:0001833
102100,hpo:0010541
102100,hpo:0030314
254770,hpo:0000006
254770,hpo:0000007
254770,hpo:0002069
254770,hpo:0002121
254770,hpo:0002133
254770,hpo:0007000
254770,hpo:0012001
605055,hpo:0000006
605055,hpo:0002185
605055,hpo:0001250
605055,hpo:0100256
605055,hpo:0006790
605055,hpo:0002511
606703,hpo:0000006
606703,hpo:0001270
606703,hpo:0001260
606703,hpo:0008936
606703,hpo:0001644
606703,hpo:0001332
606703,hpo:0001347
606703,hpo:0003621
606703,hpo:0100660
606703,hpo:0001635
606703,hpo:0000739
606703,hpo:0002509
606703,hpo:0002072
606703,hpo:0002322
606703,hpo:0000317
277460,hpo:0000007
277460,hpo:0001284
277460,hpo:0001251
277460,hpo:0003124
277460,hpo:0003141
277460,hpo:0002155
277460,hpo:0001114
277460,hpo:0010874
277460,hpo:0100513
266120,hpo:0000007
266120,hpo:0001878
266120,hpo:0003641
230450,hpo:0000007
230450,hpo:0001939
230450,hpo:0003198
230450,hpo:0001878
230450,hpo:0001271
230450,hpo:0006904
104300,hpo:0000006
104300,hpo:0002185
104300,hpo:0001300
104300,hpo:0001425
104300,hpo:0000726
104300,hpo:0002423
104300,hpo:0002511
104300,hpo:0410054
231900,hpo:0000007
231900,hpo:0001878
231900,hpo:0003343
231900,hpo:0003258
608583,hpo:0000006
608583,hpo:0001425
608583,hpo:0001297
608583,hpo:0005110
608583,hpo:0001649
608583,hpo:0001727
608088,hpo:0000006
608088,hpo:0000407
608088,hpo:0002020
608088,hpo:0000522
608088,hpo:0002936
608088,hpo:0001609
608088,hpo:0001279
608088,hpo:0003390
608088,hpo:0000802
165199,hpo:0000006
165199,hpo:0000648
165199,hpo:0000505
165199,hpo:0000408
165199,hpo:0002522
165199,hpo:0002166
247200,hpo:0000006
247200,hpo:0002247
247200,hpo:0000028
247200,hpo:0001627
247200,hpo:0002079
247200,hpo:0000369
247200,hpo:0001270
247200,hpo:0000252
247200,hpo:0000215
247200,hpo:0000286
247200,hpo:0001249
247200,hpo:0000219
247200,hpo:0001511
247200,hpo:0000358
247200,hpo:0003196
247200,hpo:0002007
247200,hpo:0000582
247200,hpo:0000518
247200,hpo:0004209
247200,hpo:0000431
247200,hpo:0010442
247200,hpo:0000175
247200,hpo:0001508
247200,hpo:0000023
247200,hpo:0001558
247200,hpo:0001939
247200,hpo:0000347
247200,hpo:0001539
247200,hpo:0000954
247200,hpo:0000463
247200,hpo:0009473
247200,hpo:0000684
247200,hpo:0012385
247200,hpo:0001561
247200,hpo:0030680
247200,hpo:0000960
247200,hpo:0002282
247200,hpo:0001302
247200,hpo:0031882
247200,hpo:0001339
247200,hpo:0012469
247200,hpo:0001466
247200,hpo:0006191
247200,hpo:0008947
247200,hpo:0000125
247200,hpo:0007020
247200,hpo:0002389
247200,hpo:0002100
247200,hpo:0025386
247200,hpo:0007045
601004,hpo:0000006
601004,hpo:0004941
138800,hpo:0000006
138800,hpo:0002895
138800,hpo:0000866
275000,hpo:0000007
275000,hpo:0001824
275000,hpo:0001324
275000,hpo:0001939
275000,hpo:0001347
275000,hpo:0000975
275000,hpo:0000853
275000,hpo:0100647
275000,hpo:0001635
275000,hpo:0000737
275000,hpo:0000520
275000,hpo:0000752
275000,hpo:0001806
275000,hpo:0002591
275000,hpo:0001438
275000,hpo:0200028
255900,hpo:0000007
255900,hpo:0002019
255900,hpo:0001254
255900,hpo:0001324
255900,hpo:0000821
255900,hpo:0001609
255900,hpo:0000958
255900,hpo:0000853
255900,hpo:0003401
255900,hpo:0003388
255900,hpo:0000966
255900,hpo:0003394
255900,hpo:0002354
255900,hpo:0002925
255900,hpo:0012378
140300,hpo:0000006
140300,hpo:0000872
140300,hpo:0030057
264120,hpo:0000007
264120,hpo:0001513
264120,hpo:0000053
264120,hpo:0006889
264120,hpo:0008202
303110,hpo:0000365
303110,hpo:0000662
303110,hpo:0000405
303110,hpo:0001249
303110,hpo:0001513
303110,hpo:0001417
303110,hpo:0001419
303110,hpo:0001133
303110,hpo:0001263
303110,hpo:0000408
303110,hpo:0000529
303110,hpo:0000533
303110,hpo:0001139
303110,hpo:0001466
601665,hpo:0000006
601665,hpo:0000007
601665,hpo:0001513
601665,hpo:0010982
601665,hpo:0031819
601665,hpo:0012340
147540,hpo:0000006
147540,hpo:0000951
103780,hpo:0000707
103780,hpo:0030955
601682,hpo:0000006
601682,hpo:0007906
137760,hpo:0000006
137760,hpo:0000545
137760,hpo:0012108
131300,hpo:0000006
131300,hpo:0000365
131300,hpo:0002650
131300,hpo:0002857
131300,hpo:0000823
131300,hpo:0003202
131300,hpo:0001324
131300,hpo:0000303
131300,hpo:0003034
131300,hpo:0001533
131300,hpo:0003621
131300,hpo:0002515
131300,hpo:0001903
131300,hpo:0000670
131300,hpo:0009763
131300,hpo:0002315
131300,hpo:0000520
131300,hpo:0003388
131300,hpo:0003758
131300,hpo:0005528
131300,hpo:0000651
131300,hpo:0007807
131300,hpo:0002694
131300,hpo:0004396
131300,hpo:0012514
131300,hpo:0005791
144650,hpo:0000006
144650,hpo:0003233
144650,hpo:0000819
144650,hpo:0012238
144650,hpo:0003362
144650,hpo:0003563
144010,hpo:0000006
144010,hpo:0001677
144010,hpo:0003124
144010,hpo:0001114
144010,hpo:0001084
310468,hpo:0001419
310468,hpo:0012622
310468,hpo:0002150
310468,hpo:0000121
310468,hpo:0002907
310468,hpo:0000787
310468,hpo:0005576
310468,hpo:0000092
310468,hpo:0000096
310468,hpo:0003126
310468,hpo:0000114
115195,hpo:0000006
115195,hpo:0001639
254450,hpo:0000006
254450,hpo:0001945
254450,hpo:0001744
254450,hpo:0001428
254450,hpo:0000979
254450,hpo:0000980
254450,hpo:0011974
254450,hpo:0005547
248190,hpo:0000007
248190,hpo:0000639
248190,hpo:0000545
248190,hpo:0000486
248190,hpo:0000510
248190,hpo:0012622
248190,hpo:0002150
248190,hpo:0000121
248190,hpo:0002917
248190,hpo:0000483
248190,hpo:0000010
248190,hpo:0005567
248190,hpo:0000705
248190,hpo:0001116
248190,hpo:0000787
248190,hpo:0012637
248190,hpo:0012608
127350,hpo:0000006
127350,hpo:0002986
127350,hpo:0005736
127350,hpo:0003031
127350,hpo:0008845
127350,hpo:0000123
127350,hpo:0003067
127350,hpo:0005773
189800,hpo:0000006
189800,hpo:0000093
189800,hpo:0001250
189800,hpo:0001511
189800,hpo:0100602
189800,hpo:0001873
189800,hpo:0000822
189800,hpo:0000969
189800,hpo:0002910
189800,hpo:0100601
189800,hpo:0008071
174800,hpo:0000365
174800,hpo:0002756
174800,hpo:0000826
174800,hpo:0000324
174800,hpo:0000618
174800,hpo:0000843
174800,hpo:0003118
174800,hpo:0005605
174800,hpo:0000845
174800,hpo:0000836
174800,hpo:0002893
174800,hpo:0200008
174800,hpo:0000870
174800,hpo:0001442
174800,hpo:0004493
174800,hpo:0010735
604416,hpo:0000006
604416,hpo:0001061
604416,hpo:0000999
604416,hpo:0001369
604416,hpo:0025452
146500,hpo:0000006
146500,hpo:0003676
146500,hpo:0000007
146500,hpo:0100543
146500,hpo:0001300
146500,hpo:0003745
146500,hpo:0000508
146500,hpo:0001260
146500,hpo:0001337
146500,hpo:0001251
146500,hpo:0003202
146500,hpo:0003487
146500,hpo:0003581
146500,hpo:0002063
146500,hpo:0001347
146500,hpo:0000012
146500,hpo:0002067
146500,hpo:0000020
146500,hpo:0001278
146500,hpo:0000966
146500,hpo:0000970
146500,hpo:0000640
146500,hpo:0002180
146500,hpo:0000802
146500,hpo:0001089
146500,hpo:0002172
146500,hpo:0002542
140850,hpo:0000006
140850,hpo:0012020
140850,hpo:0001680
140850,hpo:0007486
140850,hpo:0010309
140850,hpo:0410276
110100,hpo:0000006
110100,hpo:0000639
110100,hpo:0000508
110100,hpo:0000540
110100,hpo:0000506
110100,hpo:0000218
110100,hpo:0000568
110100,hpo:0000486
110100,hpo:0000431
110100,hpo:0001595
110100,hpo:0000013
110100,hpo:0000482
110100,hpo:0008209
110100,hpo:0005280
110100,hpo:0000581
110100,hpo:0000769
110100,hpo:0000837
110100,hpo:0000378
110100,hpo:0000141
110100,hpo:0000537
110100,hpo:0008222
300125,hpo:0002083
300125,hpo:0001417
300125,hpo:0000613
300125,hpo:0002013
300125,hpo:0002183
300125,hpo:0002018
300125,hpo:0002077
157700,hpo:0000006
157700,hpo:0002705
157700,hpo:0000767
157700,hpo:0000218
157700,hpo:0001634
157700,hpo:0001519
157700,hpo:0001065
157700,hpo:0001653
157700,hpo:0008433
109100,hpo:0000006
109100,hpo:0030057
277440,hpo:0000007
277440,hpo:0001270
277440,hpo:0001290
277440,hpo:0002289
277440,hpo:0003152
277440,hpo:0001510
277440,hpo:0002007
277440,hpo:0001252
277440,hpo:0001508
277440,hpo:0003593
277440,hpo:0002757
277440,hpo:0002653
277440,hpo:0002980
277440,hpo:0003155
277440,hpo:0002355
277440,hpo:0003013
277440,hpo:0000951
277440,hpo:0000670
277440,hpo:0000684
277440,hpo:0000737
277440,hpo:0002748
277440,hpo:0000886
277440,hpo:0003025
277440,hpo:0002982
277440,hpo:0003029
277440,hpo:0010502
277440,hpo:0006297
277440,hpo:0002979
277440,hpo:0002663
277440,hpo:0003165
277440,hpo:0003020
277440,hpo:0005469
277440,hpo:0001538
277440,hpo:0004492
277440,hpo:0003106
277440,hpo:0002148
277440,hpo:0000893
277440,hpo:0002752
277440,hpo:0002199
277440,hpo:0003698
277440,hpo:0000867
277440,hpo:0002753
277440,hpo:0009023
259660,hpo:0000007
259660,hpo:0002749
259660,hpo:0011001
259660,hpo:0008497
259660,hpo:0005789
259660,hpo:0005849
259660,hpo:0006647
241519,hpo:0000007
241519,hpo:0009882
241519,hpo:0002514
241519,hpo:0000117
241519,hpo:0008732
241519,hpo:0008491
182830,hpo:0000006
182830,hpo:0001258
182830,hpo:0000648
182830,hpo:0001133
182830,hpo:0000543
182830,hpo:0000726
602068,hpo:0000007
602068,hpo:0001425
602068,hpo:0003831
602068,hpo:0007408
300232,hpo:0002079
300232,hpo:0000369
300232,hpo:0000574
300232,hpo:0001250
300232,hpo:0001371
300232,hpo:0004322
300232,hpo:0001156
300232,hpo:0000316
300232,hpo:0000926
300232,hpo:0000470
300232,hpo:0000218
300232,hpo:0011800
300232,hpo:0001419
300232,hpo:0100864
300232,hpo:0000294
300232,hpo:0001169
300232,hpo:0002651
300232,hpo:0003016
300232,hpo:0000884
300232,hpo:0000543
300232,hpo:0000907
300232,hpo:0008789
300232,hpo:0000455
300232,hpo:0005280
300232,hpo:0009381
300232,hpo:0002750
300232,hpo:0000272
300232,hpo:0002188
300232,hpo:0000280
300232,hpo:0002645
300232,hpo:0010585
300232,hpo:0006887
300232,hpo:0002812
300232,hpo:0001769
300232,hpo:0002869
300232,hpo:0000883
300232,hpo:0003071
300232,hpo:0002942
300232,hpo:0003311
300232,hpo:0006028
300232,hpo:0012704
300232,hpo:0006423
259050,hpo:0000006
259050,hpo:0000365
259050,hpo:0002079
259050,hpo:0003745
259050,hpo:0001290
259050,hpo:0000160
259050,hpo:0000508
259050,hpo:0001249
259050,hpo:0004322
259050,hpo:0000327
259050,hpo:0000767
259050,hpo:0001761
259050,hpo:0002857
259050,hpo:0000939
259050,hpo:0000248
259050,hpo:0011800
259050,hpo:0000490
259050,hpo:0000256
259050,hpo:0000718
259050,hpo:0000337
259050,hpo:0003273
259050,hpo:0000774
259050,hpo:0000819
259050,hpo:0000494
259050,hpo:0000717
259050,hpo:0002714
259050,hpo:0002808
259050,hpo:0000272
259050,hpo:0001956
259050,hpo:0003693
259050,hpo:0000664
259050,hpo:0000179
259050,hpo:0000400
259050,hpo:0003301
259050,hpo:0009882
259050,hpo:0006380
259050,hpo:0000815
259050,hpo:0000771
259050,hpo:0001115
259050,hpo:0040160
259050,hpo:0002209
259050,hpo:0000851
259050,hpo:0002221
259050,hpo:0001840
259050,hpo:0000711
259050,hpo:0002180
259050,hpo:0100716
259050,hpo:0040309
259050,hpo:0002514
259050,hpo:0005103
259050,hpo:0005121
259050,hpo:0002868
259050,hpo:0005758
259050,hpo:0002550
259050,hpo:0008541
259050,hpo:0008689
165150,hpo:0000006
165150,hpo:0001249
165150,hpo:0000221
165150,hpo:0007650
156190,hpo:0000006
156190,hpo:0001249
156190,hpo:0001510
156190,hpo:0000646
104130,hpo:0000006
104130,hpo:0001250
104130,hpo:0002289
104130,hpo:0001256
104130,hpo:0000704
104130,hpo:0005597
136200,hpo:0000006
136200,hpo:0001262
136200,hpo:0031284
304790,hpo:0003828
304790,hpo:0001419
304790,hpo:0000821
304790,hpo:0000819
304790,hpo:0001873
304790,hpo:0002014
304790,hpo:0011473
304790,hpo:0001890
304790,hpo:0001880
304790,hpo:0000964
304790,hpo:0002716
304790,hpo:0002958
304790,hpo:0100651
304790,hpo:0002595
146850,hpo:0000006
146850,hpo:0002715
205700,hpo:0000007
205700,hpo:0001939
205700,hpo:0001890
607499,hpo:0001426
607499,hpo:0100739
607685,hpo:0003745
607685,hpo:0002240
607685,hpo:0001744
607685,hpo:0001428
607685,hpo:0000989
607685,hpo:0000707
607685,hpo:0001880
607685,hpo:0003326
607685,hpo:0001723
607685,hpo:0006685
607685,hpo:0002113
607685,hpo:0004936
607685,hpo:0005547
131440,hpo:0000006
131440,hpo:0001880
131440,hpo:0005547
131440,hpo:0006782
145200,hpo:0000006
145200,hpo:0000953
145100,hpo:0000006
145100,hpo:0007406
182000,hpo:0000006
182000,hpo:0200043
277350,hpo:0000007
277350,hpo:0000662
277350,hpo:0007502
277350,hpo:0004905
277350,hpo:0007462
115300,hpo:0000006
115300,hpo:0000951
115300,hpo:0004905
173200,hpo:0000006
173200,hpo:0000982
173200,hpo:0025114
173200,hpo:0040162
173200,hpo:0000656
173200,hpo:0008392
173200,hpo:0001036
148100,hpo:0000006
148100,hpo:0010562
608320,hpo:0000006
608320,hpo:0003124
608320,hpo:0000822
608320,hpo:0001658
608320,hpo:0100749
128101,hpo:0000006
128101,hpo:0001618
128101,hpo:0002066
128101,hpo:0002015
128101,hpo:0000275
128101,hpo:0000473
128101,hpo:0001304
128101,hpo:0002451
128101,hpo:0007325
128101,hpo:0009938
607225,hpo:0003676
607225,hpo:0001258
607225,hpo:0000007
607225,hpo:0001270
607225,hpo:0001260
607225,hpo:0002650
607225,hpo:0001761
607225,hpo:0001324
607225,hpo:0003487
607225,hpo:0003593
607225,hpo:0003677
607225,hpo:0002510
607225,hpo:0001347
607225,hpo:0002015
607225,hpo:0000478
607225,hpo:0000020
607225,hpo:0001771
607225,hpo:0002366
607225,hpo:0000514
607225,hpo:0002445
607225,hpo:0002425
607225,hpo:0005216
607225,hpo:0002492
143100,hpo:0000006
143100,hpo:0001250
143100,hpo:0001272
143100,hpo:0002063
143100,hpo:0002066
143100,hpo:0001347
143100,hpo:0000751
143100,hpo:0000726
143100,hpo:0002171
143100,hpo:0002067
143100,hpo:0002529
143100,hpo:0000716
143100,hpo:0002072
143100,hpo:0000496
189600,hpo:0000006
189600,hpo:0000324
189600,hpo:0000473
131200,hpo:0000007
131200,hpo:0001426
131200,hpo:0000144
131200,hpo:0100607
131200,hpo:0030127
121201,hpo:0000006
121201,hpo:0002069
121201,hpo:0002266
132100,hpo:0000006
132100,hpo:0001425
132100,hpo:0003831
132100,hpo:0010852
132090,hpo:0000006
132090,hpo:0001250
132090,hpo:0002353
132300,hpo:0000006
132300,hpo:0001250
132300,hpo:0002353
132300,hpo:0003621
212140,hpo:0000007
212140,hpo:0001290
212140,hpo:0001298
212140,hpo:0002240
212140,hpo:0001943
212140,hpo:0001252
212140,hpo:0001254
212140,hpo:0001324
212140,hpo:0001508
212140,hpo:0001640
212140,hpo:0001706
212140,hpo:0002013
212140,hpo:0001635
212140,hpo:0003198
212140,hpo:0001289
212140,hpo:0001639
212140,hpo:0001987
212140,hpo:0001397
212140,hpo:0003234
212140,hpo:0002910
212140,hpo:0001259
212140,hpo:0001262
212140,hpo:0045061
212140,hpo:0005959
212140,hpo:0001988
212140,hpo:0030362
607516,hpo:0000006
607516,hpo:0002083
607516,hpo:0000613
607516,hpo:0002013
607516,hpo:0002183
607516,hpo:0001269
607516,hpo:0002018
607516,hpo:0002077
607516,hpo:0002301
607508,hpo:0000006
607508,hpo:0002083
607508,hpo:0000613
607508,hpo:0002013
607508,hpo:0002183
607508,hpo:0002018
607508,hpo:0002077
607501,hpo:0000006
607501,hpo:0002083
607501,hpo:0000613
607501,hpo:0001347
607501,hpo:0002013
607501,hpo:0002183
607501,hpo:0002018
607498,hpo:0000006
607498,hpo:0002083
607498,hpo:0000613
607498,hpo:0002013
607498,hpo:0002183
607498,hpo:0002018
607498,hpo:0002077
170900,hpo:0000006
170900,hpo:0001889
170900,hpo:0200118
175100,hpo:0000006
175100,hpo:0003828
175100,hpo:0000953
175100,hpo:0200040
175100,hpo:0007649
175100,hpo:0000670
175100,hpo:0000706
175100,hpo:0030731
175100,hpo:0006771
175100,hpo:0100246
175100,hpo:0003003
175100,hpo:0010562
175100,hpo:0001012
175100,hpo:0002885
175100,hpo:0011069
175100,hpo:0010619
175100,hpo:0009592
175100,hpo:0005227
175100,hpo:0006722
175100,hpo:0008256
175100,hpo:0002884
175100,hpo:0004783
175100,hpo:0002895
175100,hpo:0011068
175100,hpo:0100245
175100,hpo:0006744
175100,hpo:0004394
175505,hpo:0000006
175505,hpo:0004295
175505,hpo:0004394
135550,hpo:0000006
135550,hpo:0000408
135550,hpo:0000169
125700,hpo:0000006
125700,hpo:0000445
125700,hpo:0000316
125700,hpo:0003196
125700,hpo:0000343
125700,hpo:0000938
125700,hpo:0001939
125700,hpo:0002171
125700,hpo:0000863
304900,hpo:0001417
304900,hpo:0002900
304900,hpo:0001423
304900,hpo:0000126
304900,hpo:0000103
304900,hpo:0001959
304900,hpo:0000863
304900,hpo:0001948
268320,hpo:0000007
268320,hpo:0008070
268320,hpo:0001999
268320,hpo:0001249
268320,hpo:0004322
268320,hpo:0000568
268320,hpo:0000618
268320,hpo:0000968
268320,hpo:0000482
268320,hpo:0002213
268320,hpo:0000411
268320,hpo:0000647
268320,hpo:0000446
268320,hpo:0000692
268320,hpo:0030863
103100,hpo:0000006
103100,hpo:0001265
103100,hpo:0012074
121200,hpo:0000006
121200,hpo:0000007
121200,hpo:0002069
121200,hpo:0001270
121200,hpo:0001425
121200,hpo:0001263
121200,hpo:0002411
121200,hpo:0003623
121200,hpo:0002373
121200,hpo:0002266
237500,hpo:0000007
237500,hpo:0002908
237500,hpo:0000952
237500,hpo:0001080
237450,hpo:0000007
237450,hpo:0002908
237450,hpo:0000952
237450,hpo:0000924
237450,hpo:0001000
218800,hpo:0000007
218800,hpo:0001298
218800,hpo:0000952
218800,hpo:0040284
218800,hpo:0008282
218800,hpo:0001343
208085,hpo:0000007
208085,hpo:0001385
208085,hpo:0000369
208085,hpo:0001629
208085,hpo:0001290
208085,hpo:0000252
208085,hpo:0002908
208085,hpo:0001252
208085,hpo:0001263
208085,hpo:0001508
208085,hpo:0002804
208085,hpo:0000347
208085,hpo:0001631
208085,hpo:0000121
208085,hpo:0001944
208085,hpo:0000952
208085,hpo:0001947
208085,hpo:0001942
208085,hpo:0000112
208085,hpo:0001667
208085,hpo:0000340
208085,hpo:0001522
208085,hpo:0008064
208085,hpo:0001892
208085,hpo:0002910
208085,hpo:0001339
208085,hpo:0001884
208085,hpo:0002611
208085,hpo:0200084
208085,hpo:0009806
608217,hpo:0000006
608217,hpo:0002069
608217,hpo:0003593
308600,hpo:0001419
308600,hpo:0000952
308600,hpo:0003265
143500,hpo:0000007
143500,hpo:0001944
143500,hpo:0000952
143500,hpo:0008282
133690,hpo:0000006
133690,hpo:0005863
133690,hpo:0004334
133690,hpo:0002762
600803,hpo:0000006
600803,hpo:0000007
600803,hpo:0003155
600803,hpo:0000952
600803,hpo:0030151
600803,hpo:0001395
600803,hpo:0002910
600803,hpo:0001081
600803,hpo:0001733
600803,hpo:0001082
600803,hpo:0011980
602522,hpo:0000407
602522,hpo:0000007
602522,hpo:0000127
602522,hpo:0001270
602522,hpo:0001290
602522,hpo:0001249
602522,hpo:0001425
602522,hpo:0001265
602522,hpo:0004737
602522,hpo:0002900
602522,hpo:0001252
602522,hpo:0003577
602522,hpo:0001508
602522,hpo:0000859
602522,hpo:0001561
602522,hpo:0000103
602522,hpo:0002902
602522,hpo:0000083
602522,hpo:0000969
602522,hpo:0012213
602522,hpo:0003081
602522,hpo:0001563
602522,hpo:0003113
602522,hpo:0001622
602522,hpo:0001789
602522,hpo:0005576
602522,hpo:0004909
602522,hpo:0005565
602522,hpo:0012605
602522,hpo:0002914
263800,hpo:0000007
263800,hpo:0001250
263800,hpo:0001251
263800,hpo:0002019
263800,hpo:0004756
263800,hpo:0002900
263800,hpo:0000823
263800,hpo:0001324
263800,hpo:0001508
263800,hpo:0003324
263800,hpo:0003621
263800,hpo:0002829
263800,hpo:0001962
263800,hpo:0002917
263800,hpo:0000103
263800,hpo:0002013
263800,hpo:0003470
263800,hpo:0002321
263800,hpo:0003401
263800,hpo:0003201
263800,hpo:0001657
263800,hpo:0000934
263800,hpo:0001959
263800,hpo:0001954
263800,hpo:0002615
263800,hpo:0005567
263800,hpo:0003394
263800,hpo:0002027
263800,hpo:0000805
263800,hpo:0001281
263800,hpo:0000128
263800,hpo:0000622
263800,hpo:0000017
263800,hpo:0012378
263800,hpo:0000848
263800,hpo:0003127
263800,hpo:0001949
263800,hpo:0030083
246400,hpo:0001945
246400,hpo:0000007
246400,hpo:0001298
246400,hpo:0002094
246400,hpo:0001903
246400,hpo:0010280
246400,hpo:0001873
246400,hpo:0000952
246400,hpo:0000924
246400,hpo:0001875
246400,hpo:0000737
246400,hpo:0001433
246400,hpo:0000980
246400,hpo:0003270
246400,hpo:0001051
246400,hpo:0002113
156000,hpo:0000006
156000,hpo:0000365
156000,hpo:0003829
156000,hpo:0002321
156000,hpo:0000360
160300,hpo:0000006
160300,hpo:0003236
160300,hpo:0003376
160300,hpo:0009027
160300,hpo:0009025
160300,hpo:0002460
160300,hpo:0003593
160300,hpo:0008981
127750,hpo:0000006
127750,hpo:0001300
127750,hpo:0000726
127750,hpo:0000746
127750,hpo:0100315
127750,hpo:0002367
127750,hpo:0007159
102400,hpo:0000006
102400,hpo:0003621
102400,hpo:0009771
102400,hpo:0010177
308350,hpo:0001257
308350,hpo:0000252
308350,hpo:0001249
308350,hpo:0002119
308350,hpo:0008936
308350,hpo:0002094
308350,hpo:0001419
308350,hpo:0001332
308350,hpo:0001347
308350,hpo:0002123
308350,hpo:0200134
308350,hpo:0100660
308350,hpo:0002015
308350,hpo:0001266
308350,hpo:0001276
308350,hpo:0002521
605021,hpo:0000007
605021,hpo:0002069
605021,hpo:0001260
605021,hpo:0003828
605021,hpo:0003593
605021,hpo:0007359
605021,hpo:0002123
605021,hpo:0002373
312910,hpo:0000365
312910,hpo:0001337
312910,hpo:0000135
312910,hpo:0004322
312910,hpo:0001417
312910,hpo:0002313
312910,hpo:0000518
312910,hpo:0003621
113610,hpo:0000006
113610,hpo:0000639
113610,hpo:0002313
113610,hpo:0003581
113610,hpo:0002120
113610,hpo:0006827
113610,hpo:0002078
113610,hpo:0010530
218200,hpo:0000007
218200,hpo:0010628
218200,hpo:0000819
218200,hpo:0009830
218200,hpo:0007250
250790,hpo:0000007
250790,hpo:0000047
250790,hpo:0000054
250790,hpo:0000048
250790,hpo:0003593
250790,hpo:0001939
250790,hpo:0000961
250790,hpo:0000062
250790,hpo:0012119
250790,hpo:0000037
206200,hpo:0011273
206200,hpo:0000007
206200,hpo:0004447
206200,hpo:0004840
206200,hpo:0031877
240400,hpo:0000007
240400,hpo:0001939
146110,hpo:0000006
146110,hpo:0000028
146110,hpo:0000007
146110,hpo:0000054
146110,hpo:0000786
146110,hpo:0000044
146110,hpo:0002215
146110,hpo:0008734
146110,hpo:0000771
146110,hpo:0000789
146110,hpo:0002225
230800,hpo:0000007
230800,hpo:0002240
230800,hpo:0002756
230800,hpo:0002094
230800,hpo:0000953
230800,hpo:0001744
230800,hpo:0002653
230800,hpo:0001903
230800,hpo:0001873
230800,hpo:0004975
230800,hpo:0006530
230800,hpo:0000421
230800,hpo:0000478
230800,hpo:0000822
230800,hpo:0001876
230800,hpo:0007401
230800,hpo:0002092
230800,hpo:0001971
230800,hpo:0010885
230800,hpo:0002953
230800,hpo:0006775
230800,hpo:0002113
114550,hpo:0000006
114550,hpo:0001425
114550,hpo:0001428
114550,hpo:0001402
114550,hpo:0001413
114550,hpo:0006572
145600,hpo:0000006
145600,hpo:0001945
145600,hpo:0003236
145600,hpo:0002063
145600,hpo:0002905
145600,hpo:0003201
145600,hpo:0002153
145600,hpo:0001649
145600,hpo:0002615
145600,hpo:0005967
145600,hpo:0002047
145600,hpo:0003256
145600,hpo:0002913
154276,hpo:0000006
154276,hpo:0001945
154276,hpo:0003236
154276,hpo:0001425
154276,hpo:0009045
154276,hpo:0003198
154276,hpo:0003128
154276,hpo:0001276
154276,hpo:0002905
154276,hpo:0002153
154276,hpo:0002047
154276,hpo:0011440
154276,hpo:0003558
154276,hpo:0011439
217150,hpo:0000007
217150,hpo:0000175
217150,hpo:0002804
217150,hpo:0000473
217150,hpo:0000695
217150,hpo:0002047
217150,hpo:0000277
238800,hpo:0000007
238800,hpo:0001939
107650,hpo:0000006
107650,hpo:0002384
107650,hpo:0000458
107650,hpo:0002870
107650,hpo:0001262
107650,hpo:0025267
109200,hpo:0001596
109200,hpo:0001470
260570,hpo:0001945
260570,hpo:0000007
260570,hpo:0001871
260570,hpo:0001954
260570,hpo:0002027
150699,hpo:0000006
150699,hpo:0001428
150699,hpo:0000131
175510,hpo:0000006
175510,hpo:0200008
175510,hpo:0002576
220120,hpo:0000407
220120,hpo:0000007
220120,hpo:0000252
220120,hpo:0001298
220120,hpo:0001250
220120,hpo:0001249
220120,hpo:0008936
220120,hpo:0001510
220120,hpo:0001263
220120,hpo:0001508
220120,hpo:0001336
220120,hpo:0002510
220120,hpo:0001347
220120,hpo:0012448
220120,hpo:0002120
220120,hpo:0001942
220120,hpo:0002179
220120,hpo:0001319
220120,hpo:0003355
220120,hpo:0002521
220120,hpo:0008288
192200,hpo:0001423
192200,hpo:0001426
192200,hpo:0002619
606798,hpo:0003745
606798,hpo:0000643
606798,hpo:0003596
137400,hpo:0000006
137400,hpo:0000221
137400,hpo:0025252
604278,hpo:0000007
604278,hpo:0001249
604278,hpo:0001510
604278,hpo:0000518
604278,hpo:0000501
604278,hpo:0002049
604278,hpo:0000585
604278,hpo:0001995
604278,hpo:0004910
604278,hpo:0005546
179800,hpo:0000006
179800,hpo:0002756
179800,hpo:0008897
179800,hpo:0002749
179800,hpo:0001324
179800,hpo:0000121
179800,hpo:0001947
179800,hpo:0003768
179800,hpo:0002901
179800,hpo:0008153
179830,hpo:0000006
179830,hpo:0004322
179830,hpo:0001947
179830,hpo:0002049
179830,hpo:0001995
606842,hpo:0001284
606842,hpo:0003745
606842,hpo:0001265
606842,hpo:0002094
606842,hpo:0002093
606842,hpo:0001638
606842,hpo:0002936
606842,hpo:0003798
606842,hpo:0003690
606842,hpo:0005185
606842,hpo:0004575
606842,hpo:0005986
606842,hpo:0004571
606842,hpo:0008483
194200,hpo:0000006
194200,hpo:0001297
194200,hpo:0001638
194200,hpo:0001645
194200,hpo:0001962
194200,hpo:0001716
194200,hpo:0005165
194200,hpo:0004757
194200,hpo:0006684
194200,hpo:0004763
194200,hpo:0006677
125852,hpo:0000006
125852,hpo:0000819
125852,hpo:0100651
119500,hpo:0000006
119500,hpo:0000028
119500,hpo:0001762
119500,hpo:0000048
119500,hpo:0000204
119500,hpo:0000175
119500,hpo:0000013
119500,hpo:0000046
119500,hpo:0009755
119500,hpo:0000196
119500,hpo:0000726
119500,hpo:0010554
119500,hpo:0000059
119500,hpo:0003298
119500,hpo:0009756
119500,hpo:0009758
119500,hpo:0008726
119500,hpo:0009757
119500,hpo:0009754
600634,hpo:0040278
600634,hpo:0006767
270960,hpo:0000006
270960,hpo:0000007
270960,hpo:0001939
270960,hpo:0000027
270960,hpo:0200067
260480,hpo:0000007
260480,hpo:0002240
260480,hpo:0007663
260480,hpo:0000505
260480,hpo:0000952
260480,hpo:0000989
260480,hpo:0001097
260480,hpo:0000992
260480,hpo:0001733
260480,hpo:0012378
260480,hpo:0030991
260480,hpo:0000217
260480,hpo:0030318
115645,hpo:0000006
115645,hpo:0000508
115645,hpo:0000286
115645,hpo:0004322
115645,hpo:0000358
115645,hpo:0003196
115645,hpo:0000582
115645,hpo:0012745
115645,hpo:0000463
115645,hpo:0002212
115645,hpo:0001115
115645,hpo:0000581
115645,hpo:0000191
147480,hpo:0000006
147480,hpo:0000952
147480,hpo:0000989
147480,hpo:0001406
147480,hpo:0002910
147480,hpo:0001622
147480,hpo:0200150
147480,hpo:0025116
147480,hpo:0200148
243200,hpo:0000007
243200,hpo:0000822
243200,hpo:0001085
243200,hpo:0002516
278200,hpo:0000007
278200,hpo:0001006
278200,hpo:0000232
278200,hpo:0000411
278200,hpo:0002224
249100,hpo:0000007
249100,hpo:0001701
249100,hpo:0002240
249100,hpo:0001744
249100,hpo:0000100
249100,hpo:0002829
249100,hpo:0001974
249100,hpo:0001287
249100,hpo:0000083
249100,hpo:0001954
249100,hpo:0001917
249100,hpo:0002027
249100,hpo:0001369
249100,hpo:0002102
249100,hpo:0003565
249100,hpo:0002586
181460,hpo:0000006
181460,hpo:0002715
134750,hpo:0000006
134750,hpo:0001744
134750,hpo:0001875
134750,hpo:0001370
